Track URI,Track Name,Album Name,Artist Name(s),Release Date,Duration (ms),Popularity,Explicit,Added By,Added At,Genres,Record Label,Danceability,Energy,Key,Loudness,Mode,Speechiness,Acousticness,Instrumentalness,Liveness,Valence,Tempo,Time Signature
spotify:track:72STRbMtY5ypgxtEJ5v6OU,"Soul Burn","Soul Burn","Neon Graves",2022-11-18,227098,26,false,21rrrptu6n3eywblqb6xp5xuy,2025-07-01T11:31:14Z,"metalcore,djent,deathcore","Neon Graves",0.362,0.922,4,-6.3,0,0.132,0.0000496,0.0101,0.123,0.298,113.966,4
spotify:track:4p1M3ZdZ9q1uixBk7JibRw,"Static","Static","Our Promise",2025-06-20,211068,54,false,21rrrptu6n3eywblqb6xp5xuy,2025-06-26T12:36:19Z,"metalcore","Our Promise",0.536,0.969,11,-4.051,0,0.0736,0.000132,0.00000388,0.34,0.209,115.037,4
spotify:track:1Chjeu7itQhIgeL1HpVDuN,"Antimatter","SUPERBLOOM","Silent Planet",2023-11-03,221340,59,false,21rrrptu6n3eywblqb6xp5xuy,2025-06-11T12:53:29Z,"metalcore,djent,deathcore,post-hardcore,metal","Solid State Records",0.523,0.803,2,-6.363,1,0.0583,0.000689,0.00354,0.165,0.137,139.949,4
spotify:track:5NRpxJxtR6JkUhQS4F0um6,"Emergence","Emergence","Sleep Token",2025-03-13,386253,74,false,21rrrptu6n3eywblqb6xp5xuy,2025-03-15T14:05:16Z,"progressive metal,metalcore","Sleep Token/RCA Records",0.517,0.584,4,-6.729,0,0.035,0.0225,0.0000757,0.0826,0.162,126.106,4
spotify:track:44TUJhvq8ZSoIO1AzpD6X7,"Broken Mirror","The Sky The Earth & All Between","Architects",2025-02-28,190566,59,false,21rrrptu6n3eywblqb6xp5xuy,2025-04-25T22:45:50Z,"metalcore,djent,mathcore,metal,post-hardcore,deathcore","Epitaph",0.393,0.883,7,-3.433,0,0.103,0.00312,0,0.111,0.229,164.798,4
spotify:track:4jVxw1PPpXYVtmZp6UQwmE,"All For Nothing","All For Nothing","NOVELISTS",2025-01-30,248040,43,false,21rrrptu6n3eywblqb6xp5xuy,2025-04-25T22:06:25Z,"djent,metalcore,progressive metal,post-hardcore,metal","ACKOR Music",0.382,0.872,1,-7.802,0,0.102,0.00299,0.0216,0.129,0.104,174.954,4
spotify:track:6DLaYITCfzaNEAj0ZyGRad,"Curse","The Sky The Earth & All Between","Architects",2025-02-28,181134,69,false,21rrrptu6n3eywblqb6xp5xuy,2025-04-25T22:48:01Z,"metalcore,djent,mathcore,metal,post-hardcore,deathcore","Epitaph",0.584,0.957,5,-3.164,0,0.105,0.0000101,0.0000335,0.101,0.527,120.001,4
spotify:track:6oEJYNa9iKnwL62PV85KCd,"No Reverse","No Reverse","Nevertel",2019-10-31,167412,1,true,21rrrptu6n3eywblqb6xp5xuy,2024-08-07T16:45:18Z,"","1089128 Records DK2",0.406,0.908,8,-5.884,0,0.126,0.00244,0,0.152,0.321,142.886,4
spotify:track:6tXqByNxqYPuWBeZZG4DVq,"Equivalent Exchange","Equivalent Exchange","Clayton King",2023-07-21,254908,42,false,21rrrptu6n3eywblqb6xp5xuy,2023-10-18T17:51:32Z,"djent","Clayton King",0.373,0.925,1,-4.853,1,0.0696,0.0000668,0.944,0.113,0.17,165.015,4
spotify:track:0u8wRzaAaJkqpqrTYNn3bZ,"The Other Side","The Other Side","Memphis May Fire",2025-02-19,225871,55,false,21rrrptu6n3eywblqb6xp5xuy,2025-04-25T22:13:09Z,"metalcore,post-hardcore,screamo","Rise Records",0.398,0.818,8,-5.874,0,0.159,0.00549,0,0.153,0.279,152.019,4
spotify:track:18M1T1KsPkj04qG8mUYmdK,"Kijo","Kijo","Memorist",2021-10-08,222099,0,false,21rrrptu6n3eywblqb6xp5xuy,2023-03-18T03:34:06Z,"metalcore","Year Of The Rat Records",0.216,0.639,10,-7.852,0,0.0649,0.0000629,0.417,0.626,0.0984,119.434,3
spotify:track:1MHCrrThxRZaWLNDo7bEjC,"Afterimage (feat. Ian Kenny Karnivool)","Afterimage (feat. Ian Kenny Karnivool)","Northlane",2024-03-06,254173,46,false,21rrrptu6n3eywblqb6xp5xuy,2024-04-02T14:14:59Z,"djent,metalcore,progressive metal,metal,deathcore,post-hardcore","Worldeater Records",0.431,0.976,3,-2.551,0,0.0492,0.0000889,0.0000126,0.378,0.276,85.508,4
spotify:track:2MACyNAOaRAsfMZJ8NPGyI,"Espada","Espada","Clayton King,Spiro",2024-06-07,244618,37,false,21rrrptu6n3eywblqb6xp5xuy,2024-06-07T15:00:14Z,"djent","Clayton King",0.176,0.838,6,-4.756,1,0.155,0.000206,0.689,0.33,0.151,81.585,4
spotify:track:0cyRTLChgQDVxrHqI6uHtC,"Blood & Water","Make Believe","Memphis May Fire",2022-02-18,230673,12,false,21rrrptu6n3eywblqb6xp5xuy,2024-02-13T16:15:57Z,"metalcore,post-hardcore,screamo","Rise Records",0.461,0.966,1,-2.792,0,0.189,0.000035,0.00000366,0.33,0.459,140.009,4
spotify:track:36K5KSqFJOCN9YLmSTkXrG,"Inhumane","Inhumane","Polaris",2023-05-25,239291,0,false,21rrrptu6n3eywblqb6xp5xuy,2023-05-26T07:50:11Z,"metalcore,djent,metal,deathcore,post-hardcore","SHARPTONE",0.491,0.98,2,-2.68,1,0.0977,0.000294,0.00000655,0.0818,0.379,95.992,4
spotify:track:4TzGD5Pryq8DTjv5QRuJaW,"Nowhere To Go","THE DEATH OF PEACE OF MIND","Bad Omens",2022-02-25,246774,70,true,21rrrptu6n3eywblqb6xp5xuy,2024-03-07T14:40:19Z,"metalcore","Sumerian Records",0.419,0.957,7,-3.413,1,0.136,0.000774,0,0.175,0.457,174.094,4
spotify:track:4COR2ZPEyUn0lsbAouRWxA,"Bfg Division","Doom (Original Game Soundtrack)","Mick Gordon",2016-09-28,506762,65,false,21rrrptu6n3eywblqb6xp5xuy,2023-09-03T20:24:07Z,"","Bethesda Softworks",0.284,0.722,7,-8.284,1,0.0559,0.00461,0.873,0.163,0.0383,116.292,3
spotify:track:6Qd7XC9csaFz3dogXXhrVM,"Relapse","Manic","Wage War",2021-10-01,179266,53,false,21rrrptu6n3eywblqb6xp5xuy,2023-03-31T18:12:21Z,"metalcore,metal,deathcore,djent","Fearless Records",0.496,0.962,1,-4.087,1,0.11,0.000188,0.0000476,0.306,0.174,112.53,4
spotify:track:2HcM2zleoPAhUn2rCh1Egb,"Luminosity","Hyperdialect","Hacktivist",2021-06-18,196453,0,false,21rrrptu6n3eywblqb6xp5xuy,2023-04-01T10:10:07Z,"djent,rap metal,progressive metal,metalcore,rap rock","UNFD",0.461,0.988,1,-3.022,1,0.257,0.00163,0.00000236,0.129,0.35,138.857,4
spotify:track:5qUVlPz3UBvKHIjesrNmq2,"Anaraak","Relationships","Shrezzers,Ronnie Canizaro",2019-01-04,227054,0,false,21rrrptu6n3eywblqb6xp5xuy,2023-04-01T01:13:19Z,"djent,post-hardcore,metalcore","Gentlepunks Inc.",0.128,0.886,2,-2.181,0,0.104,0.000139,0.00115,0.203,0.19,146.052,4
spotify:track:5qD3Qv8Wu3r5uRD0DahcZy,"Bow Down","TRAUMA","I Prevail",2019-03-29,242680,69,true,21rrrptu6n3eywblqb6xp5xuy,2022-08-09T10:38:02Z,"metalcore","Fearless Records",0.426,0.959,0,-4.95,1,0.0525,0.0000536,0.00000654,0.707,0.372,155.01,4
spotify:track:6dwBUvVZLnufu08H77OX8d,"Momentary","Dissonants","Hands Like Houses",2016-02-26,194853,0,false,21rrrptu6n3eywblqb6xp5xuy,2020-12-16T22:26:43Z,"post-hardcore,metalcore","Rise Records",0.47,0.9,8,-4.854,0,0.0542,0.0179,0.000978,0.0974,0.456,161.955,4
spotify:track:6V5RvNdSqdEDshRKhsiCEH,"All of This Is Fleeting","The Death of Me","Polaris",2020-02-21,236380,61,false,21rrrptu6n3eywblqb6xp5xuy,2020-12-16T14:46:45Z,"metalcore,djent,metal,deathcore,post-hardcore","SHARPTONE",0.486,0.953,8,-3.468,0,0.0878,0.000139,0.00243,0.14,0.592,138.032,4
spotify:track:5HDr0GYxwR384IWQtflP95,"The Mile","Dead Letter Circus","Dead Letter Circus",2007-05-12,204653,39,false,21rrrptu6n3eywblqb6xp5xuy,2022-10-07T15:17:14Z,"progressive rock,progressive metal,djent","3Massive Records",0.483,0.92,5,-3.344,0,0.104,0.0000392,0.00135,0.594,0.564,138.962,4
spotify:track:4BhRhK2epscKTbEfPwJw67,"Vibrant","Vibrant","Time The Valuator",2019-06-07,259847,34,false,21rrrptu6n3eywblqb6xp5xuy,2021-03-29T03:46:49Z,"djent,progressive metal,metalcore","Long Branch Records",0.256,0.934,1,-6.12,1,0.151,0.00144,0.0000105,0.135,0.341,122.104,4
spotify:track:6tRneEcItwpSxBtqgem5Dr,"THE DEATH OF PEACE OF MIND","THE DEATH OF PEACE OF MIND","Bad Omens",2022-02-25,241499,78,true,21rrrptu6n3eywblqb6xp5xuy,2023-03-22T21:23:21Z,"metalcore","Sumerian Records",0.469,0.713,0,-5.619,0,0.0461,0.0869,0.000188,0.129,0.267,154.994,4
spotify:track:5eIUpHTsde5tATNfAMWxmL,"Dream Sequence","The Last One","Circles",2018-08-31,288598,30,false,21rrrptu6n3eywblqb6xp5xuy,2025-07-01T11:23:31Z,"djent,progressive metal","Wild Thing Records",0.3,0.932,6,-4.761,1,0.0778,0.000421,0.000908,0.509,0.446,162.739,4
spotify:track:2ZTIk5AkBIoJLKQpCNpoMX,"Beautiful Oblivion","Beautiful Oblivion","Issues",2019-10-04,215750,0,false,21rrrptu6n3eywblqb6xp5xuy,2022-08-09T02:00:32Z,"post-hardcore,metalcore,screamo","Rise Records",0.608,0.778,6,-5.45,0,0.0877,0.0314,0.00000352,0.382,0.566,127.995,4
spotify:track:3uPvLoVTX6lHmGCIr7SU8s,"THE BREACH","HORIZONS","STARSET",2021-10-22,260010,49,false,21rrrptu6n3eywblqb6xp5xuy,2022-08-21T12:23:24Z,"","Fearless Records",0.528,0.845,10,-5.056,0,0.0399,0.0000629,0.0000516,0.305,0.336,106.04,4
spotify:track:2KGCOtaTbNIbwrxS0a2UMv,"Choke","Cannibal","Bury Tomorrow",2020-07-03,227440,59,false,21rrrptu6n3eywblqb6xp5xuy,2023-04-26T08:07:37Z,"metalcore,metal,deathcore,post-hardcore","Music For Nations",0.503,0.981,1,-5.701,1,0.0936,0.000682,0.0000906,0.194,0.34,124.91,4
spotify:track:2Sn7NPDJFUhUlZQfGMoo9E,"Plenty","Obsidian","Northlane",2022-04-22,220626,45,false,21rrrptu6n3eywblqb6xp5xuy,2022-08-08T16:09:34Z,"djent,metalcore,progressive metal,metal,deathcore,post-hardcore","Worldeater Records",0.536,0.952,8,-4.065,1,0.0353,0.0000644,0.036,0.0514,0.154,127,4
spotify:track:7khQrdng5Zj4bkpS7sQr17,"Of Mind - Nocturne","Altered State","TesseracT",2013-05-28,350306,42,false,21rrrptu6n3eywblqb6xp5xuy,2021-02-13T17:35:43Z,"djent,progressive metal,metal,progressive rock","Century Media",0.573,0.923,11,-5.509,0,0.0634,0.000267,0.000259,0.051,0.445,130.005,3
spotify:track:4E6wpXABj8XosZEPXZz2OK,"Bleed","ObZen","Meshuggah",2008-03-07,442733,40,false,21rrrptu6n3eywblqb6xp5xuy,2022-08-09T20:00:57Z,"djent,progressive metal,groove metal,metal,death metal,mathcore","Atomic Fire Records",0.242,0.998,11,-5.64,1,0.0894,0.00000812,0.88,0.284,0.18,114.642,4
spotify:track:0SIKrp2SkPmflfKtCNkZXX,"Chasing Shadows","Heaven in Hiding","Imminence",2021-11-26,246284,50,false,21rrrptu6n3eywblqb6xp5xuy,2022-08-09T02:00:53Z,"metalcore,metal,deathcore,post-hardcore","Arising Empire",0.443,0.875,4,-4.432,0,0.0556,0.000883,0.0000887,0.138,0.175,112.022,4
spotify:track:38JT1SmtGliG9FGVwrTsTk,"Distance","Severance","Heart Of A Coward",2013-11-12,238546,27,false,21rrrptu6n3eywblqb6xp5xuy,2022-08-09T02:19:24Z,"djent,metalcore,deathcore,metal,progressive metal","Century Media",0.472,0.994,5,-1.903,1,0.177,0.0000566,0.00000277,0.358,0.159,125.001,4
spotify:track:3IC74qNKqXdeydqyS1J5z5,"Deadnest","Deadnest","Monuments",2021-03-26,207391,35,false,21rrrptu6n3eywblqb6xp5xuy,2022-08-09T10:20:29Z,"djent,progressive metal,metalcore,metal","Century Media",0.445,0.968,6,-2.563,1,0.207,0.0000129,0.00000999,0.338,0.326,114.92,4
spotify:track:6gJ0ydZombiOIs4NaxnFXR,"Eternal Blue","Eternal Blue","Spiritbox",2021-09-17,239706,0,false,21rrrptu6n3eywblqb6xp5xuy,2022-08-09T10:04:29Z,"metalcore,djent,metal","Rise Records",0.256,0.92,6,-4.914,0,0.0751,0.000331,0.000352,0.457,0.289,124.707,4
spotify:track:5jmYu7XY4zd3mJfizA8t1K,"Let Me Be Sad","TRAUMA","I Prevail",2019-03-29,214226,62,false,21rrrptu6n3eywblqb6xp5xuy,2022-08-09T02:01:12Z,"metalcore","Fearless Records",0.478,0.574,3,-5.645,0,0.0288,0.000355,0.00000715,0.151,0.0407,129.02,4
spotify:track:4SwArKsYS1uHsBtNSFvi8U,"Heaven in Hiding","Heaven in Hiding","Imminence",2021-11-26,236077,47,false,21rrrptu6n3eywblqb6xp5xuy,2022-08-09T02:00:59Z,"metalcore,metal,deathcore,post-hardcore","Arising Empire",0.455,0.651,3,-5.785,0,0.0422,0.012,0.00000281,0.344,0.275,111.955,4
spotify:track:2p2lECQV64LbQQ0wzx8aQk,"Echo Chamber","Obsidian","Northlane",2022-04-22,227893,43,false,21rrrptu6n3eywblqb6xp5xuy,2022-08-09T09:56:35Z,"djent,metalcore,progressive metal,metal,deathcore,post-hardcore","Worldeater Records",0.445,0.949,6,-5.166,1,0.0678,0.0000097,0.0248,0.28,0.661,136.022,4
spotify:track:5qXJHma2VSBAj8aJMmMei4,"Cardinal Red (feat. Mick Gordon)","In Stasis","Monuments,Mick Gordon",2022-04-15,281506,41,false,21rrrptu6n3eywblqb6xp5xuy,2022-08-09T10:09:15Z,"djent,progressive metal,metalcore,metal","Century Media",0.45,0.987,7,-5.801,1,0.149,0.0000746,0.00000289,0.183,0.183,140.029,4
spotify:track:0nrCDNrt8fm5XJzu1FHudO,"Doublespeak","False Idol","Veil Of Maya",2017-10-20,252906,0,false,21rrrptu6n3eywblqb6xp5xuy,2022-08-09T10:09:29Z,"djent,deathcore,metalcore,progressive metal,metal","Sumerian Records",0.417,0.979,7,-4.074,1,0.101,0.000154,0.0000812,0.166,0.179,143.956,4
spotify:track:0WXMsAafxDxQDRJP3UOUw8,"Tyed","Tyed","Olly Steele,Andy Cizek,Casey Sabol,Pierre Danel",2023-05-12,191142,27,false,21rrrptu6n3eywblqb6xp5xuy,2023-05-13T20:32:34Z,"djent,progressive metal,metalcore,deathcore,finnish rock","Olly Steele",0.458,0.975,1,-4.581,1,0.217,0.00000765,0.00000904,0.155,0.345,104.977,4
spotify:track:3TU8zJ81VLDQF6tz2Jkvyd,"Balance","Balance","Olly Steele",2019-04-19,269581,45,false,21rrrptu6n3eywblqb6xp5xuy,2022-08-09T10:09:36Z,"djent,progressive metal","Olly Steele",0.467,0.982,7,-3.578,0,0.078,0.0000181,0.706,0.172,0.22,107.521,4
spotify:track:3A7CTleCV7UOwX84rEMu0M,"Open","Open","Olly Steele",2021-02-12,193058,48,false,21rrrptu6n3eywblqb6xp5xuy,2022-08-09T10:11:40Z,"djent,progressive metal","Olly Steele",0.49,0.967,2,-3.378,1,0.0558,0.0000877,0.796,0.0583,0.373,84.998,4
spotify:track:7mCT4WQa1SJNvTnQ59cmE0,"Lucid","The Mortal Coil","Polaris",2017-11-03,239852,56,false,21rrrptu6n3eywblqb6xp5xuy,2022-08-09T10:09:43Z,"metalcore,djent,metal,deathcore,post-hardcore","SHARPTONE",0.49,0.991,10,-3.917,0,0.149,0.0000494,0.000115,0.316,0.141,101.976,4
spotify:track:5uibZRXH64gVwWNqZiObB7,"Void","Void","Haunted Shores",2022-03-11,335173,12,false,21rrrptu6n3eywblqb6xp5xuy,2022-08-09T19:59:53Z,"djent,progressive metal","3DOT Recordings",0.361,0.594,6,-8.532,0,0.0283,0.00913,0.895,0.0988,0.124,89.97,4
spotify:track:2UJ7e55bObCYCqpBkehnsr,"Outsider","Outsider","Veil Of Maya",2020-05-04,249468,0,false,21rrrptu6n3eywblqb6xp5xuy,2022-08-09T10:09:51Z,"djent,deathcore,metalcore,progressive metal,metal","Sumerian Records",0.476,0.971,4,-3.797,0,0.0964,0.0000525,0.0000945,0.316,0.207,140.02,3
spotify:track:2A8WSQPNT9NqssXd3rEZYU,"Gungrave","ERRA","ERRA",2021-03-19,240525,0,false,21rrrptu6n3eywblqb6xp5xuy,2022-08-09T10:10:09Z,"djent,metalcore,progressive metal,metal,deathcore,post-hardcore","UNFD",0.481,0.97,6,-2.684,0,0.0695,0.0000123,0.0102,0.206,0.345,100.013,4
spotify:track:0i1RF2ipRfrAVv5GDRYjHS,"Origin of Escape","The Amanuensis","Monuments",2014-07-08,242733,40,false,21rrrptu6n3eywblqb6xp5xuy,2022-08-09T10:10:19Z,"djent,progressive metal,metalcore,metal","Century Media",0.46,0.955,10,-6.318,1,0.0533,0.0000125,0.00276,0.417,0.37,108.706,3
spotify:track:240qVeF1EQuCXmJh8zhX6w,"Tremors","Next In Line","Dead Letter Circus",2008-10-28,217560,36,false,21rrrptu6n3eywblqb6xp5xuy,2022-10-07T15:18:03Z,"progressive rock,progressive metal,djent","Independent",0.366,0.922,6,-8.622,1,0.0787,0.00032,0,0.0851,0.31,167.915,3
spotify:track:5ofoB8PFmocBXFBEWVb6Vz,"Animals","For Those That Wish To Exist","Architects",2021-02-26,244364,74,true,21rrrptu6n3eywblqb6xp5xuy,2022-08-09T10:10:59Z,"metalcore,djent,mathcore,metal,post-hardcore,deathcore","Epitaph",0.532,0.759,1,-3.842,0,0.0319,0.000123,0.02,0.073,0.293,95.01,4
spotify:track:2qbQLga60JnISUYwAG9aDx,"Dancers To A Discordant System","ObZen","Meshuggah",2008-03-07,576066,20,false,21rrrptu6n3eywblqb6xp5xuy,2022-08-09T20:01:06Z,"djent,progressive metal,groove metal,metal,death metal,mathcore","Atomic Fire Records",0.256,0.996,0,-5.405,1,0.0908,0.0000241,0.904,0.181,0.141,93.486,3
spotify:track:79QqEKiBhTZ7ixcyaWm1fs,"Harrison Fjord","Viscera","Haunted Shores",2016,311985,27,false,21rrrptu6n3eywblqb6xp5xuy,2022-08-09T10:11:11Z,"djent,progressive metal","Century Media",0.44,0.984,5,-6.091,1,0.112,0.00000284,0.93,0.156,0.0382,104.979,4
spotify:track:4To0Ft09SLNBo8x3r4aMP6,"Viscera","Viscera","Veil Of Maya",2021-02-26,220000,0,false,21rrrptu6n3eywblqb6xp5xuy,2022-08-09T10:17:12Z,"djent,deathcore,metalcore,progressive metal,metal","Sumerian Records",0.537,0.96,2,-3.705,1,0.0594,0.000175,0.00000425,0.0892,0.382,137.986,4
spotify:track:5jpkH5t4OvHdzEG86GF6b0,"Animus","Animus","Monuments",2020-01-24,217463,31,false,21rrrptu6n3eywblqb6xp5xuy,2022-08-13T10:23:58Z,"djent,progressive metal,metalcore,metal","Century Media",0.479,0.997,2,-2.449,1,0.15,0.0000376,0.0000342,0.31,0.0987,102.545,3
spotify:track:1dgp8z7Kkq7kpbQrljqrS4,"Electric Twilight","ERRA","ERRA",2021-03-19,265038,0,false,21rrrptu6n3eywblqb6xp5xuy,2022-08-09T10:19:08Z,"djent,metalcore,progressive metal,metal,deathcore,post-hardcore","UNFD",0.512,0.993,11,-3.197,1,0.0885,0.0000804,0.00107,0.306,0.374,130.084,4
spotify:track:6YCpHa90d7HuBVnXmJxw9h,"Quantum Leap Zero Ii: Transition to Turbulence","Inertia","Scar Of The Sun",2021-05-14,226266,6,false,21rrrptu6n3eywblqb6xp5xuy,2022-12-16T16:31:05Z,"","Napalm Records Handels GmbH",0.472,0.934,11,-11.981,0,0.0803,0.000147,0.00371,0.311,0.0694,112.451,3
spotify:track:7dmvCOcy7cRgU3AUVOFoVz,"Archetype - Instrumental","Aeon (Instrumental)","Rogue",2020-11-13,200000,11,false,21rrrptu6n3eywblqb6xp5xuy,2022-08-08T23:28:22Z,"djent,metalcore,progressive metal,deathcore","Rogue",0.464,0.95,11,-4.676,1,0.118,0.000176,0.829,0.213,0.199,110.076,4
spotify:track:4LB264fAdV4BPK99w4UMxl,"Demiurge","Koloss","Meshuggah",2012-02-09,372866,33,false,21rrrptu6n3eywblqb6xp5xuy,2022-08-09T20:01:19Z,"djent,progressive metal,groove metal,metal,death metal,mathcore","Atomic Fire Records",0.207,0.945,1,-5.277,1,0.0787,0.0000326,0.79,0.0947,0.0399,113.254,3
spotify:track:1BqzzWlA868p8J5VIbp50A,"Better Days","The Way It Ends","Currents",2020-06-05,247747,65,true,21rrrptu6n3eywblqb6xp5xuy,2022-10-04T16:21:12Z,"metalcore,djent,deathcore,metal","SHARPTONE",0.372,0.978,4,-4.833,0,0.157,0.000624,0.0000222,0.134,0.214,76.359,4
spotify:track:1QMda5rnAhJmwnjv5pxE7n,"I The Creator","The Amanuensis","Monuments",2014-07-08,233986,42,false,21rrrptu6n3eywblqb6xp5xuy,2022-08-09T10:19:42Z,"djent,progressive metal,metalcore,metal","Century Media",0.447,0.963,3,-7.431,1,0.0867,0.000091,0.000133,0.36,0.288,112.484,4
spotify:track:3JxX3QHrfeyBtKMy4cTN3L,"Dysphoria","The Discovery","Cloudkicker",2008-07-15,284839,0,false,21rrrptu6n3eywblqb6xp5xuy,2022-08-09T10:19:55Z,"djent,post-rock,progressive metal,math rock","Cloudkicker",0.197,0.936,11,-5.348,1,0.083,0.00000206,0.808,0.125,0.245,149.751,4
spotify:track:4VC2LUKfqd8J0poU7kdLVH,"False Providence (feat. Mick Gordon)","In Stasis","Monuments,Mick Gordon",2022-04-15,301640,39,false,21rrrptu6n3eywblqb6xp5xuy,2022-08-09T11:21:47Z,"djent,progressive metal,metalcore,metal","Century Media",0.321,0.986,5,-5.875,0,0.0688,0.0000795,0.00079,0.312,0.224,108.707,4
spotify:track:6I5zXzSDByTEmYZ7ePVQeB,"Circle With Me","Eternal Blue","Spiritbox",2021-09-17,233880,1,false,21rrrptu6n3eywblqb6xp5xuy,2022-08-09T12:33:28Z,"metalcore,djent,metal","Rise Records",0.422,0.874,8,-4.606,0,0.0534,0.000166,0.231,0.143,0.392,102.743,4
spotify:track:5ArdXT9iSO7mpJycByd0R1,"Cloud Cascade","Greyview","Invent Animate",2020-03-13,249077,43,false,21rrrptu6n3eywblqb6xp5xuy,2022-08-09T19:58:25Z,"djent,metalcore,progressive metal,deathcore,metal,post-hardcore","Tragic Hero Records",0.486,0.961,5,-4.234,0,0.0831,0.00022,0.0035,0.0904,0.219,116.024,4
spotify:track:4feZfAxwx72C4yImu9ngHS,"Immaterial","Void","Haunted Shores",2022-03-11,260105,17,false,21rrrptu6n3eywblqb6xp5xuy,2022-08-09T19:59:50Z,"djent,progressive metal","3DOT Recordings",0.439,0.978,1,-6.46,1,0.0747,0.00000182,0.921,0.0854,0.0441,104.993,4
spotify:track:4PHppm7v48ys7YrVelKSYq,"ObZen","ObZen","Meshuggah",2008-03-07,264413,22,false,21rrrptu6n3eywblqb6xp5xuy,2022-08-09T20:00:52Z,"djent,progressive metal,groove metal,metal,death metal,mathcore","Atomic Fire Records",0.233,0.999,5,-4.225,1,0.083,0.00000317,0.911,0.518,0.326,113.358,4
spotify:track:2YZZ8qsDdvC008LgtpMoI6,"Marigold","Periphery III: Select Difficulty","Periphery",2016-07-22,439840,0,true,21rrrptu6n3eywblqb6xp5xuy,2022-08-11T13:03:13Z,"djent,progressive metal,metalcore,metal","Century Media",0.211,0.949,0,-5.724,0,0.214,0.00222,0.000535,0.103,0.0642,105.578,4
spotify:track:5RnXQZ65F3uEHca395z6cz,"The Bad Thing","Juggernaut: Omega","Periphery",2015-01-23,353442,0,false,21rrrptu6n3eywblqb6xp5xuy,2022-08-11T13:03:36Z,"djent,progressive metal,metalcore,metal","Century Media",0.311,0.953,2,-4.96,1,0.172,0.000216,0.00000219,0.111,0.417,132.856,4
spotify:track:75R95k0ICuZBFVEjBauOtt,"Doomsday","Holy Hell","Architects",2018-11-09,247019,66,false,21rrrptu6n3eywblqb6xp5xuy,2022-08-11T13:05:01Z,"metalcore,djent,mathcore,metal,post-hardcore,deathcore","Epitaph",0.523,0.979,2,-4.214,1,0.159,0.0000262,0.0000256,0.153,0.179,125.038,4
spotify:track:2vNUATEUKbavRo2gMjHs2S,"Cyberhex","Scoring The End Of The World","Motionless In White,Lindsay Schoolcraft",2022-06-10,275247,61,false,21rrrptu6n3eywblqb6xp5xuy,2022-08-11T15:01:23Z,"metalcore,metal,screamo,gothic metal,symphonic metal,deathcore","Roadrunner Records",0.526,0.944,6,-3.815,0,0.144,0.000207,0.0000176,0.0994,0.281,112.531,4
spotify:track:2uD8ezTUaLTtoqaXUiWPIR,"Lune","Periphery III: Select Difficulty","Periphery",2016-07-22,467013,0,false,21rrrptu6n3eywblqb6xp5xuy,2022-08-11T17:20:35Z,"djent,progressive metal,metalcore,metal","Century Media",0.488,0.851,5,-6.146,1,0.0447,0.00208,0.000501,0.0943,0.337,134.99,1
spotify:track:2ewVWFQH9SaiQg4RrQYznY,"Say Your Prayers","The Catalyst Fire","Dead Letter Circus",2013-09-08,286426,0,false,21rrrptu6n3eywblqb6xp5xuy,2022-10-07T15:16:15Z,"progressive rock,progressive metal,djent","UNFD",0.213,0.866,6,-5,0,0.0593,0.00187,0.0000142,0.327,0.199,89.412,4
spotify:track:2glEXDEzubpETiDRXfC4oX,"Sun Killer","Eternal Blue","Spiritbox",2021-09-17,227477,0,false,21rrrptu6n3eywblqb6xp5xuy,2022-08-11T17:20:57Z,"metalcore,djent,metal","Rise Records",0.33,0.777,6,-6.316,1,0.0838,0.00315,0.00227,0.167,0.236,114.309,1
spotify:track:2rFaJ6NRIRWn335tQr8lWD,"Hurt You","Eternal Blue","Spiritbox",2021-09-17,226186,0,false,21rrrptu6n3eywblqb6xp5xuy,2022-08-11T17:21:03Z,"metalcore,djent,metal","Rise Records",0.368,0.977,7,-3.39,1,0.135,0.0000462,0.000829,0.41,0.167,107.773,4
spotify:track:3pkfVWPONcWQU5UAxWyALx,"Snowblood","ERRA","ERRA",2021-03-19,253680,0,true,21rrrptu6n3eywblqb6xp5xuy,2022-08-13T10:23:23Z,"djent,metalcore,progressive metal,metal,deathcore,post-hardcore","UNFD",0.529,0.983,11,-3.186,1,0.125,0.0000241,0.0148,0.0763,0.359,125.017,4
spotify:track:1xj9Mdr9jtBpRA6WqqMYbn,"Juno","Sonder","TesseracT",2018-04-20,312788,45,false,21rrrptu6n3eywblqb6xp5xuy,2022-08-13T10:23:44Z,"djent,progressive metal,metal,progressive rock","Kscope",0.588,0.897,5,-6.353,0,0.0484,0.00656,0.0102,0.139,0.264,108.006,3
spotify:track:4rcx4Qh96e1GjTtkmxhcFm,"Haven","Covenant","Unprocessed",2018-04-13,367153,31,false,21rrrptu6n3eywblqb6xp5xuy,2022-08-13T10:24:05Z,"djent,progressive metal,math rock,metalcore","Long Branch Records",0.302,0.962,0,-2.812,1,0.202,0.000078,0.213,0.17,0.481,129.384,4
spotify:track:2OakBlSFrzbFN7NuoBX4IR,"Try","Try","Olly Steele,Ian Kenny",2021-01-27,227870,39,false,21rrrptu6n3eywblqb6xp5xuy,2022-08-19T10:27:22Z,"djent,progressive metal","Olly Steele",0.606,0.967,2,-4.142,0,0.114,0.00376,0,0.437,0.527,116.275,3
spotify:track:5CbxaXG0umcxh5ageamzYT,"Won’t Stand Down","Kill Or Be Killed","Muse",2022-07-21,209061,28,false,21rrrptu6n3eywblqb6xp5xuy,2022-08-20T08:21:02Z,"alternative rock,rock","Warner Records",0.514,0.882,7,-4.406,1,0.0862,0.0043,0.00000252,0.156,0.424,104.85,4
spotify:track:4PCSGmV5PbkFhGjvY0PPEA,"I Am Damnation","Shrine","Bleed From Within",2022-06-03,282466,52,false,21rrrptu6n3eywblqb6xp5xuy,2022-08-22T21:22:41Z,"metalcore,deathcore,metal,djent","Nuclear Blast",0.475,0.957,6,-5.193,1,0.0672,0.000754,0.000335,0.0463,0.24,92.499,4
spotify:track:4rRuKmyxRloMgtqmFFU7W5,"Playing God","Euthanasia Pack","Polyphia",2022-08-18,205925,0,false,21rrrptu6n3eywblqb6xp5xuy,2022-08-23T03:05:41Z,"math rock,djent,progressive metal,progressive rock","Rise Records",0.601,0.789,4,-6.822,0,0.0328,0.0395,0.812,0.114,0.315,137.06,4
spotify:track:292WKZbNRTcvJoHJXxUsIt,"Views From The Sun - Instrumental","The Dark Pool (Instrumentals)","Thornhill",2020-05-01,247013,0,false,21rrrptu6n3eywblqb6xp5xuy,2022-09-17T16:05:42Z,"metalcore,djent","UNFD",0.458,0.903,7,-9.117,1,0.0711,0.000013,0.786,0.107,0.205,122.011,4
spotify:track:2gYLeC5Ikd8DFSJfwGZJp3,"Bloodline","Alien","Northlane",2019-08-02,205666,1,true,21rrrptu6n3eywblqb6xp5xuy,2022-09-19T13:47:42Z,"djent,metalcore,progressive metal,metal,deathcore,post-hardcore","UNFD",0.514,0.964,6,-6.78,1,0.0992,0.000083,0.196,0.137,0.404,97.492,4
spotify:track:6l9PHn3pWs1lqdrQoMaVqG,"Oblivion","Corporation","Aviana",2022-09-30,248225,49,true,21rrrptu6n3eywblqb6xp5xuy,2022-10-05T16:25:23Z,"metalcore,djent,deathcore","Arising Empire",0.26,0.981,6,-4.521,1,0.169,0.0000205,0.0334,0.344,0.194,116.259,3
spotify:track:066tlrieBQY13DbTlR7RTx,"Opiate","In Stasis","Monuments",2022-04-15,257545,38,true,21rrrptu6n3eywblqb6xp5xuy,2022-09-23T11:40:52Z,"djent,progressive metal,metalcore,metal","Century Media",0.391,0.985,6,-6.047,1,0.108,0.0000649,0,0.148,0.453,152.674,4
spotify:track:75tuUFCGFS2COZu6O07QjU,"Death Effect - Instrumental","Mystic Auras (Instrumentals)","A Scent Like Wolves",2021-07-02,243181,0,false,21rrrptu6n3eywblqb6xp5xuy,2022-09-28T23:31:22Z,"metalcore,post-hardcore,djent,melodic hardcore","Theoria Records",0.4,0.909,1,-5.462,1,0.0618,0.000213,0.713,0.0759,0.716,165.001,4
spotify:track:2H23PtJG3J5NnHYIESacaM,"Gangsta's Paradise (Metal Version)","Gangsta's Paradise (Metal Version)","UMC,Tobias Derer,Matthias Schneck",2021-10-22,259963,27,false,21rrrptu6n3eywblqb6xp5xuy,2022-09-29T10:35:56Z,"","UMC",0.417,0.85,8,-7.136,1,0.0701,0.00263,0.00000165,0.606,0.576,159.924,4
spotify:track:5OY0jal9HDNkQBcPpcuj7K,"Consume","The Mortal Coil","Polaris",2017-11-03,251739,52,false,21rrrptu6n3eywblqb6xp5xuy,2022-09-29T22:11:19Z,"metalcore,djent,metal,deathcore,post-hardcore","SHARPTONE",0.245,0.994,1,-3.634,1,0.203,0.0000132,0.0000764,0.235,0.195,138.03,4
spotify:track:22npYqgeKOVfmnmSjZjdJF,"Sew Me Up","Rotoscope","Spiritbox",2022-06-22,211123,0,false,21rrrptu6n3eywblqb6xp5xuy,2022-10-03T17:30:31Z,"metalcore,djent,metal","Rise Records",0.483,0.947,7,-3.941,1,0.0553,0.0000182,0.00375,0.4,0.253,95.975,4
spotify:track:58o1GSctoVkdThXSjTRdik,"Paranoia","Paranoia","Seeing Things",2022-03-31,170945,24,false,21rrrptu6n3eywblqb6xp5xuy,2022-09-24T10:42:11Z,"deathcore,djent,metalcore","Seeing Things 妄想症",0.452,0.983,7,-2.935,1,0.147,0.00000804,0,0.759,0.15,114.92,4
spotify:track:2seCTXhgGEYnvJGBl90MWF,"Obsession","Corporation","Aviana",2022-09-30,210169,55,true,21rrrptu6n3eywblqb6xp5xuy,2022-10-05T16:13:50Z,"metalcore,djent,deathcore","Arising Empire",0.488,0.991,9,-3.815,1,0.106,0.000123,0.000193,0.317,0.323,140.024,4
spotify:track:3RhRaIirkEnwwgGdb4wEBs,"One Step","This Is The Warning","Dead Letter Circus",2010,208480,13,false,21rrrptu6n3eywblqb6xp5xuy,2022-10-07T15:15:45Z,"progressive rock,progressive metal,djent","Independent",0.461,0.954,0,-5.534,1,0.174,0.00161,0,0.176,0.165,158.023,4
spotify:track:1zNBVe8QG37iPLLQHlUS2u,"Kill the Ache","The Way It Ends","Currents",2020-06-05,233355,61,false,21rrrptu6n3eywblqb6xp5xuy,2022-10-04T16:18:19Z,"metalcore,djent,deathcore,metal","SHARPTONE",0.486,0.934,4,-6.064,0,0.0703,0.00171,0.0037,0.108,0.125,139.934,4
spotify:track:013gFBH6Qqs79Zbj7WOdsu,"Rage","Rage","Aviana",2021-08-27,216400,36,false,21rrrptu6n3eywblqb6xp5xuy,2022-10-15T13:27:57Z,"metalcore,djent,deathcore","Arising Empire",0.423,0.933,4,-5.606,0,0.157,0.000327,0.000855,0.192,0.0812,150.049,4
spotify:track:5sGnz9jlztcZ791ccvnU6Z,"Wayfinder","Passenger","Kingdom Of Giants",2020-10-16,268439,50,false,21rrrptu6n3eywblqb6xp5xuy,2022-10-04T19:16:49Z,"metalcore,post-hardcore,djent,deathcore","SHARPTONE",0.38,0.98,11,-4.926,0,0.123,0.0000734,0.231,0.0812,0.513,173.018,4
spotify:track:5YToBG3qALkdce8bCiY1UB,"holding on","EVERYTHING IN MY MIND","Nevertel",2021-05-21,220125,0,true,21rrrptu6n3eywblqb6xp5xuy,2022-12-06T08:57:42Z,"","Nevertel",0.527,0.888,3,-5.263,0,0.0556,0.00962,0.00806,0.114,0.0395,119.971,4
spotify:track:1wBfGpT9Ri8TDKCKFHGC1L,"Ocean Floor","Nothing More","NOTHING MORE",2014-06-23,59506,0,false,21rrrptu6n3eywblqb6xp5xuy,2022-12-08T13:10:08Z,"","Eleven Seven Music",0.545,0.737,9,-15.851,0,0.336,0.204,0.00578,0.58,0.303,110.074,4
spotify:track:1X34xjRBPeBVm2UNqL4KXO,"This Is The Time (Ballast)","Nothing More","NOTHING MORE",2014-06-23,220413,1,false,21rrrptu6n3eywblqb6xp5xuy,2022-12-08T13:10:15Z,"","Eleven Seven Music",0.531,0.979,11,-4.686,0,0.0663,0.00000766,0.0196,0.0944,0.472,110.023,4
spotify:track:4CiVz4bw7X1zjCaJ5ZwxUS,"Watch The World Burn","Watch The World Burn","Falling In Reverse",2023-01-31,203948,70,true,21rrrptu6n3eywblqb6xp5xuy,2023-02-26T04:20:21Z,"emo,rap metal","Epitaph",0.391,0.785,10,-5.906,0,0.131,0.0132,0,0.213,0.332,161.928,4
spotify:track:27czOoqYXw9wz5LQrbxeSD,"Nauseam","Severance","Heart Of A Coward",2013-11-12,218813,20,false,21rrrptu6n3eywblqb6xp5xuy,2023-03-03T02:56:34Z,"djent,metalcore,deathcore,metal,progressive metal","Century Media",0.494,0.988,9,-2.686,0,0.123,0.000201,0.0279,0.119,0.15,109.94,4
spotify:track:1Jnp6In3o2qarJS6mPP8px,"Goliath","Sound Awake","Karnivool",2010-01-25,277973,39,false,21rrrptu6n3eywblqb6xp5xuy,2023-03-12T03:04:23Z,"progressive metal,progressive rock,alternative metal,djent","Columbia",0.266,0.901,6,-4.155,1,0.0775,0.000131,0.00109,0.0335,0.538,131.262,1
spotify:track:59kan8Xe5IrcYyJrDbo6qU,"Step One","How To Survive A Funeral","Make Them Suffer",2020-06-19,117557,0,false,21rrrptu6n3eywblqb6xp5xuy,2023-03-18T20:24:34Z,"deathcore,metalcore,djent,metal","Rise Records",0.379,0.502,11,-8.941,0,0.0388,0.0289,0.926,0.222,0.0381,113.238,5
spotify:track:3rjgOeWUEth90mFVR82WtG,"Black Hole","Black Hole","Betraying The Martyrs",2021-10-14,231762,43,false,21rrrptu6n3eywblqb6xp5xuy,2023-03-20T01:16:14Z,"metalcore,deathcore,djent,metal","Out of Line Music",0.517,0.859,6,-7.01,0,0.0494,0.00192,0.000514,0.0781,0.313,100.05,4
spotify:track:4dtNFqCJP9oj9UmGj5Ncjo,"INTO THE DARK","CHRONICLES","Void Of Vision",2023-02-17,221799,0,false,21rrrptu6n3eywblqb6xp5xuy,2023-03-31T18:11:31Z,"metalcore,djent,deathcore","UNFD",0.558,0.941,6,-2.64,1,0.137,0.000438,0.00258,0.0657,0.47,110.019,4
spotify:track:35CBV1M9spIgJgBYjK21Tc,"Crooked Soul","Sleeptalk","Dayseeker",2019-09-27,235013,0,false,21rrrptu6n3eywblqb6xp5xuy,2023-04-01T00:43:45Z,"metalcore,post-hardcore","Spinefarm Records UK",0.459,0.99,5,-2.963,0,0.206,0.00149,0,0.0948,0.192,128.014,4
spotify:track:76waIQkhQ6MsPsdeIWVIfp,"Of Silk and Straw","Pendulum","Resolve",2019-03-04,225250,39,true,21rrrptu6n3eywblqb6xp5xuy,2023-04-01T00:48:28Z,"metalcore,deathcore","Krod Records",0.418,0.994,11,-1.446,1,0.204,0.0000144,0.654,0.121,0.149,90.087,4
spotify:track:6gM11PV8nD5aftCB6aMR1x,"Junkie$","Flip Phone Fantasy","Ocean Grove",2020-03-13,212112,0,false,21rrrptu6n3eywblqb6xp5xuy,2023-04-01T00:51:32Z,"nu metal,metalcore","UNFD",0.349,0.911,7,-4.213,0,0.0663,0.0000134,0.429,0.322,0.234,105.109,4
spotify:track:29bNfLnFX9xwByGFZyMK8O,"Savia","Cognitive","Soen",2012-01-01,356453,0,false,21rrrptu6n3eywblqb6xp5xuy,2023-04-01T09:52:00Z,"progressive metal,progressive rock,djent,metal","Spin-Farm Oy",0.494,0.788,4,-7.089,0,0.0623,0.0159,0.0004,0.2,0.217,155.736,3
spotify:track:0hNgeS6kzIC4Rtdz4L0jsN,"Instability","The World Is In Your Way (Deluxe Edition)","Dragged Under",2020-11-13,225117,50,true,21rrrptu6n3eywblqb6xp5xuy,2023-04-04T05:22:45Z,"metalcore","Mascot Records",0.403,0.979,6,-3.945,0,0.0624,0.0000379,0,0.154,0.389,180.025,4
spotify:track:1CVwHyqNzK3AKAwcv8Dlh1,"Dead Romance","Mirrors","Her Last Sight",2021-03-12,222363,42,false,21rrrptu6n3eywblqb6xp5xuy,2023-04-26T08:44:13Z,"metalcore","Liron Avital Productions",0.364,0.977,6,-3.141,1,0.224,0.00000908,0.116,0.423,0.424,199.965,4
spotify:track:2aj46915WcKBD1HnbnYpQz,"Empire","Redeemer","Red Handed Denial",2019-03-29,190812,30,false,21rrrptu6n3eywblqb6xp5xuy,2023-05-15T16:36:18Z,"djent,progressive metal,metalcore","Red Handed Denial",0.41,0.959,8,-4.425,1,0.0738,0.00000359,0.000163,0.388,0.375,149.983,4
spotify:track:14l1Nc77ngjwMom6jh5rqX,"Deceiver","Breaking Down","ENMY",2022-01-20,207826,0,false,21rrrptu6n3eywblqb6xp5xuy,2023-05-15T16:37:31Z,"metalcore","ENMY Music",0.443,0.985,10,-3.295,0,0.0789,0.000156,0.00231,0.133,0.252,103.523,4
spotify:track:2SYPMi3gZGpeSLcJLmOpdo,"Follow in Flight","Halo 2 Anniversary (Original Soundtrack)","Halo,Paul Lipson,Lennie Moore,Tom Salta,Brian Trifon,Brian Lee White",2014-11-11,211306,39,false,21rrrptu6n3eywblqb6xp5xuy,2023-05-15T20:03:10Z,"soundtrack","343 Industries",0.514,0.946,0,-6.244,1,0.055,0.0000494,0.909,0.101,0.312,124.975,4
spotify:track:4l0UQ0zDIPYaaa5FF2Kvwt,"Drowning","Drowning","Atreyu",2023-01-27,165557,43,true,21rrrptu6n3eywblqb6xp5xuy,2023-05-31T21:54:00Z,"metalcore,screamo","Spinefarm",0.482,0.896,0,-5.561,0,0.0648,0.0102,0.000613,0.0927,0.298,139.948,4
spotify:track:6enS8SfhigPF9H1iWamx2X,"Breaking the Covenant","Halo 2 Anniversary (Original Soundtrack)","Halo,Paul Lipson,Lennie Moore,Tom Salta,Brian Trifon,Brian Lee White",2014-11-11,190093,40,false,21rrrptu6n3eywblqb6xp5xuy,2023-06-04T05:55:13Z,"soundtrack","343 Industries",0.427,0.894,1,-6.574,1,0.0407,0.00000214,0.814,0.0441,0.461,92.239,1
spotify:track:6BATOdnrsuOS61NAOlTt7s,"Tooth and Claw","The Joy of Motion","Animals As Leaders",2014,263206,47,false,21rrrptu6n3eywblqb6xp5xuy,2023-08-14T17:42:58Z,"djent,progressive metal,math rock,progressive rock,metal","Sumerian Records",0.277,0.967,7,-4.795,1,0.202,0.000546,0.837,0.354,0.253,150.037,4
spotify:track:2LbkjfSzAPl94K0vGWTNDc,"Up into the Ether","The Zenith Rise","I Built the Sky",2019-11-01,301519,44,false,21rrrptu6n3eywblqb6xp5xuy,2023-09-03T20:18:49Z,"djent,progressive metal,math rock","I Built The Sky",0.196,0.865,7,-5.586,0,0.0719,0.000688,0.95,0.124,0.144,85.748,5
spotify:track:2auhUgUyNvABs2IeEL2aKP,"Homo Sum","Carnival Is Forever","Decapitated",2011-07-15,273293,43,false,21rrrptu6n3eywblqb6xp5xuy,2023-09-03T20:21:06Z,"death metal,metal,groove metal,deathcore,grindcore","Nuclear Blast",0.519,0.981,3,-6.537,1,0.099,0.0000679,0.178,0.365,0.149,108.015,4
spotify:track:30iHy4JE2N1HLLitRBhvg5,"Warp Ride","Ad Astra","Claudio Pietronik",2020-11-17,284800,3,false,21rrrptu6n3eywblqb6xp5xuy,2023-09-03T20:22:59Z,"","Claudio Pietronik",0.102,0.664,5,-7.773,0,0.0543,0.00000881,0.912,0.343,0.281,69.494,4
spotify:track:277kkbKWZtQUpnK19WcEM6,"Forgotten","Forgotten","The Plot In You",2023-08-11,175249,0,true,21rrrptu6n3eywblqb6xp5xuy,2023-09-04T00:59:32Z,"metalcore","Fearless Records",0.408,0.933,10,-4.868,0,0.442,0.000221,0.000459,0.147,0.417,199.863,4
spotify:track:2YTT9MwbOoaThNLHwsRkMn,"Closer","Welcome Home","VRSTY",2022-01-21,199000,36,false,21rrrptu6n3eywblqb6xp5xuy,2023-09-28T05:46:12Z,"metalcore,post-hardcore","Spinefarm",0.597,0.882,1,-4.048,1,0.0559,0.000816,0,0.263,0.628,101.981,4
spotify:track:4PgTa8eboZ5EgV7VSVv6ci,"Therapy","Therapy","My Endless Winter",2023-11-03,266507,20,false,21rrrptu6n3eywblqb6xp5xuy,2023-11-06T21:31:06Z,"","Erasing Summer Records",0.404,0.901,7,-7.294,1,0.104,0.006,0.00000112,0.367,0.247,167.502,4
spotify:track:5OgRZxI3IlaakVgRPHRTxx,"Verified","Verified","Grayscale Season",2023-11-17,153871,13,false,21rrrptu6n3eywblqb6xp5xuy,2023-11-17T21:39:13Z,"metalcore,djent,deathcore,shoegaze","1352662 Records DK2",0.483,0.978,11,-3.542,1,0.171,0.0000196,0.694,0.391,0.268,110.028,3
spotify:track:2ClgEn1FZxchrqRZ04JZzj,"Slaughterhouse (feat. Bryan Garris)","Scoring The End Of The World","Motionless In White,Bryan Garris,Knocked Loose",2022-06-10,263947,64,true,21rrrptu6n3eywblqb6xp5xuy,2024-04-02T14:27:56Z,"metalcore,metal,screamo,hardcore,deathcore,hardcore punk,mathcore","Roadrunner Records",0.304,0.987,7,-2.578,1,0.193,0.0000613,0.000162,0.371,0.153,149.992,4
spotify:track:5KCm56RP3OH7D5hDVTgLRu,"Titanium - Metal Cover","Titanium (Metal Cover)","Victor Borba,James Phillips",2021-06-15,249809,13,false,21rrrptu6n3eywblqb6xp5xuy,2024-02-26T15:18:17Z,"djent","Bormsen Records",0.599,0.825,0,-8.004,0,0.0402,0.00134,0.0116,0.457,0.312,126.036,4
spotify:track:7GPnOpu7V8Z14yMG7YIHLY,"Verified","feel something new","Grayscale Season",2024-03-08,153871,31,false,21rrrptu6n3eywblqb6xp5xuy,2024-04-18T00:51:57Z,"metalcore,djent,deathcore,shoegaze","1352662 Records DK2",0.483,0.978,11,-3.542,1,0.171,0.0000196,0.694,0.391,0.268,110.028,3
spotify:track:21eMasL93nEafqRwlI851z,"The Apparition","Take Me Back To Eden","Sleep Token",2023-05-19,268159,74,false,21rrrptu6n3eywblqb6xp5xuy,2024-04-18T00:53:45Z,"progressive metal,metalcore","Spinefarm",0.452,0.687,1,-6.939,0,0.0456,0.0112,0.0000641,0.294,0.215,137.98,4
spotify:track:2HqLPVGQVKpIWduyF38kAe,"Six","Resurrection","Chimaira",2007-03-02,584724,24,true,21rrrptu6n3eywblqb6xp5xuy,2024-05-05T00:37:25Z,"groove metal,metal,nu metal,metalcore","Nuclear Blast",0.236,0.971,0,-4.265,1,0.11,0.000159,0.155,0.23,0.0832,150.042,4
spotify:track:0SZkjONWDGXRm0uMtb1yuX,"Get Out","Get Out","Windwaker",2024-06-07,180000,0,true,21rrrptu6n3eywblqb6xp5xuy,2024-06-16T23:09:43Z,"metalcore","Fearless Records",0.444,0.945,7,-3.371,1,0.103,0.00241,0,0.313,0.522,165.008,4
spotify:track:1iv3VyiPrfVq7kXZvLI5Gn,"คนอย่างเธอ","คนอย่างเธอ","Nack Charlie",2024-01-20,244897,16,false,21rrrptu6n3eywblqb6xp5xuy,2024-07-06T10:34:43Z,"thai rock,thai pop,t-pop","Nack Charlie",0.406,0.969,10,-5.014,1,0.502,0.00315,0.0000451,0.0835,0.245,195.944,4
spotify:track:4ZpryyXnTOGrveSJtlCOoQ,"Sleepless","Six Feet Down","Ocean Sleeper",2017-01-13,90258,44,false,21rrrptu6n3eywblqb6xp5xuy,2024-08-07T16:51:32Z,"metalcore","Ocean Sleeper",0.575,0.928,10,-4.556,0,0.0313,0.0103,0,0.665,0.566,129.979,4
spotify:track:7vwUPOzwMuaBuhckNt3jjf,"Hangfire","What If I Break?","Wind Walkers",2023-11-17,195217,68,false,21rrrptu6n3eywblqb6xp5xuy,2024-08-07T16:52:59Z,"metalcore,post-hardcore","Wind Walkers",0.529,0.96,4,-3.298,0,0.0609,0.0131,0.00000287,0.146,0.341,138.073,4
spotify:track:6qcVh0lRiDx9DG7mMFdedC,"Red","Red","Close To The Sky",2021-03-25,245000,3,false,21rrrptu6n3eywblqb6xp5xuy,2024-09-15T16:18:51Z,"djent,metalcore","Close To The Sky",0.524,0.99,6,-2.31,1,0.0698,0.0000225,0.726,0.157,0.172,120.041,4
